time,pressure
2022-08-01 00:00:00,0.2631864406779661
2022-08-01 01:00:00,0.21940677966101696
2022-08-01 02:00:00,0.19993220338983056
2022-08-01 03:00:00,0.1852542372881356
2022-08-01 04:00:00,0.17722033898305084
2022-08-01 05:00:00,0.16967796610169492
2022-08-01 06:00:00,0.9789322033898304
2022-08-01 07:00:00,1.3647966101694915
2022-08-01 08:00:00,1.2816949152542374
2022-08-01 09:00:00,1.2828813559322034
2022-08-01 10:00:00,1.2389830508474577
2022-08-01 11:00:00,0.49925423728813556
2022-08-01 12:00:00,0.7307966101694915
2022-08-01 13:00:00,1.3616440677966102
2022-08-01 14:00:00,1.397
2022-08-01 15:00:00,1.210779661016949
2022-08-01 16:00:00,0.8870508474576271
2022-08-01 17:00:00,0.6023559322033898
2022-08-01 18:00:00,1.2399310344827583
2022-08-01 19:00:00,1.4091864406779662
2022-08-01 20:00:00,1.3962033898305084
2022-08-01 21:00:00,1.4065932203389833
2022-08-01 22:00:00,1.4166206896551725
2022-08-01 23:00:00,0.7410338983050849
2022-08-02 00:00:00,0.25761016949152543
2022-08-02 01:00:00,0.2041694915254237
2022-08-02 02:00:00,0.18533898305084742
2022-08-02 03:00:00,0.18333898305084745
2022-08-02 04:00:00,0.18101694915254238
2022-08-02 05:00:00,0.2019322033898305
2022-08-02 06:00:00,0.21464406779661016
2022-08-02 07:00:00,0.2915084745762712
2022-08-02 08:00:00,1.0667288135593218
2022-08-02 09:00:00,1.2535
2022-08-02 10:00:00,1.3486949152542371
2022-08-02 11:00:00,1.4159152542372884
2022-08-02 12:00:00,1.4106949152542372
2022-08-02 13:00:00,1.390949152542373
2022-08-02 14:00:00,1.351396551724138
2022-08-02 15:00:00,1.4135593220338982
2022-08-02 16:00:00,1.4263050847457628
2022-08-02 17:00:00,1.4200000000000002
2022-08-02 18:00:00,1.4040508474576274
2022-08-02 19:00:00,1.4020499999999998
2022-08-02 20:00:00,1.3815762711864406
2022-08-02 21:00:00,1.3571694915254238
2022-08-02 22:00:00,1.3330677966101694
2022-08-02 23:00:00,1.1723728813559322
2022-08-03 00:00:00,1.1504576271186444
2022-08-03 01:00:00,1.1616610169491528
2022-08-03 02:00:00,1.1686610169491527
2022-08-03 03:00:00,1.1675084745762716
2022-08-03 04:00:00,1.1708644067796616
2022-08-03 05:00:00,1.102542372881356
2022-08-03 06:00:00,1.3675254237288135
2022-08-03 07:00:00,1.3335254237288137
2022-08-03 08:00:00,1.2359661016949155
2022-08-03 09:00:00,1.2884237288135596
2022-08-03 10:00:00,1.355949152542373
2022-08-03 11:00:00,1.3743728813559322
2022-08-03 12:00:00,1.3479830508474575
2022-08-03 13:00:00,1.347140350877193
2022-08-03 14:00:00,1.3604745762711863
2022-08-03 15:00:00,1.3721186440677966
2022-08-03 16:00:00,1.3708813559322035
2022-08-03 17:00:00,1.4048813559322035
2022-08-03 18:00:00,1.3964576271186442
2022-08-03 19:00:00,1.3998305084745764
2022-08-03 20:00:00,1.3844067796610169
2022-08-03 21:00:00,1.3858644067796608
2022-08-03 22:00:00,1.3693389830508473
2022-08-03 23:00:00,1.390913793103448
2022-08-04 00:00:00,1.4015254237288137
2022-08-04 01:00:00,1.4193559322033902
2022-08-04 02:00:00,1.427559322033898
2022-08-04 03:00:00,1.4233898305084747
2022-08-04 04:00:00,1.4288813559322033
2022-08-04 05:00:00,1.4237627118644067
2022-08-04 06:00:00,1.4027627118644066
2022-08-04 07:00:00,1.3423389830508474
2022-08-04 08:00:00,1.3216610169491527
2022-08-04 09:00:00,1.3425593220338983
2022-08-04 10:00:00,1.3920526315789474
2022-08-04 11:00:00,
2022-08-04 12:00:00,
2022-08-04 13:00:00,
2022-08-04 14:00:00,
2022-08-04 15:00:00,
2022-08-04 16:00:00,
2022-08-04 17:00:00,
2022-08-04 18:00:00,
2022-08-04 19:00:00,
2022-08-04 20:00:00,
2022-08-04 21:00:00,1.34
2022-08-04 22:00:00,1.4087118644067795
2022-08-04 23:00:00,1.421898305084746
2022-08-05 00:00:00,1.4325932203389833
2022-08-05 01:00:00,1.439135593220339
2022-08-05 02:00:00,1.4372711864406784
2022-08-05 03:00:00,1.4215593220338985
2022-08-05 04:00:00,1.4293728813559323
2022-08-05 05:00:00,1.4195593220338985
2022-08-05 06:00:00,1.4002372881355933
2022-08-05 07:00:00,1.3287118644067795
2022-08-05 08:00:00,1.305033898305085
2022-08-05 09:00:00,1.313576271186441
2022-08-05 10:00:00,1.3306271186440675
2022-08-05 11:00:00,1.343813559322034
2022-08-05 12:00:00,1.349728813559322
2022-08-05 13:00:00,1.3482711864406778
2022-08-05 14:00:00,1.369864406779661
2022-08-05 15:00:00,1.3683728813559322
2022-08-05 16:00:00,1.3752372881355936
2022-08-05 17:00:00,1.3689322033898306
2022-08-05 18:00:00,1.3700169491525422
2022-08-05 19:00:00,1.3690169491525421
2022-08-05 20:00:00,1.3939152542372883
2022-08-05 21:00:00,1.4325762711864407
2022-08-05 22:00:00,1.3436101694915255
2022-08-05 23:00:00,1.2635593220338983
2022-08-06 00:00:00,1.271559322033898
2022-08-06 01:00:00,1.2835254237288136
2022-08-06 02:00:00,1.2833898305084748
2022-08-06 03:00:00,1.2906610169491526
2022-08-06 04:00:00,1.2882542372881356
2022-08-06 05:00:00,1.3045084745762714
2022-08-06 06:00:00,1.44306779661017
2022-08-06 07:00:00,1.4204576271186438
2022-08-06 08:00:00,1.3832881355932203
2022-08-06 09:00:00,1.347813559322034
2022-08-06 10:00:00,1.3599322033898307
2022-08-06 11:00:00,1.3575166666666665
2022-08-06 12:00:00,1.3407966101694915
2022-08-06 13:00:00,1.338728813559322
2022-08-06 14:00:00,1.361762711864407
2022-08-06 15:00:00,1.3779661016949152
2022-08-06 16:00:00,1.3731694915254236
2022-08-06 17:00:00,1.3847457627118644
2022-08-06 18:00:00,1.3652203389830508
2022-08-06 19:00:00,1.3659827586206896
2022-08-06 20:00:00,1.3487966101694915
2022-08-06 21:00:00,1.3605084745762712
2022-08-06 22:00:00,1.3766949152542372
2022-08-06 23:00:00,1.382559322033898
2022-08-07 00:00:00,1.3963898305084745
2022-08-07 01:00:00,1.4117966101694914
2022-08-07 02:00:00,1.4165762711864407
2022-08-07 03:00:00,1.415542372881356
2022-08-07 04:00:00,1.4222881355932202
2022-08-07 05:00:00,1.4138305084745761
2022-08-07 06:00:00,1.3985762711864405
2022-08-07 07:00:00,1.3742711864406778
2022-08-07 08:00:00,1.3361525423728813
2022-08-07 09:00:00,1.3167627118644067
2022-08-07 10:00:00,1.3302881355932206
2022-08-07 11:00:00,1.3234745762711866
2022-08-07 12:00:00,1.3494067796610172
2022-08-07 13:00:00,1.353322033898305
2022-08-07 14:00:00,1.3881694915254237
2022-08-07 15:00:00,1.3983728813559322
2022-08-07 16:00:00,1.4110677966101695
2022-08-07 17:00:00,1.4173050847457629
2022-08-07 18:00:00,1.4150169491525426
2022-08-07 19:00:00,1.4096101694915257
2022-08-07 20:00:00,1.4197627118644067
2022-08-07 21:00:00,1.4327966101694916
2022-08-07 22:00:00,1.4348813559322033
2022-08-07 23:00:00,1.4443728813559324
2022-08-08 00:00:00,2.4562711864406777
2022-08-08 01:00:00,1.3312711864406777
2022-08-08 02:00:00,1.3248135593220338
2022-08-08 03:00:00,1.487271186440678
2022-08-08 04:00:00,1.4866779661016947
2022-08-08 05:00:00,1.482050847457627
2022-08-08 06:00:00,1.4578813559322037
2022-08-08 07:00:00,1.3546101694915256
2022-08-08 08:00:00,1.2778474576271184
2022-08-08 09:00:00,1.2814067796610171
2022-08-08 10:00:00,1.3046779661016947
2022-08-08 11:00:00,1.1443050847457625
2022-08-08 12:00:00,1.2692372881355933
2022-08-08 13:00:00,1.255322033898305
2022-08-08 14:00:00,1.2579661016949153
2022-08-08 15:00:00,1.2814473684210526
2022-08-08 16:00:00,1.276409090909091
2022-08-08 17:00:00,1.3363749999999999
2022-08-08 18:00:00,1.3331186440677965
2022-08-08 19:00:00,1.3394137931034484
2022-08-08 20:00:00,1.3338474576271184
2022-08-08 21:00:00,1.337101694915254
2022-08-08 22:00:00,1.3558135593220337
2022-08-08 23:00:00,1.3500338983050848
2022-08-09 00:00:00,1.3229661016949155
2022-08-09 01:00:00,1.332457627118644
2022-08-09 02:00:00,1.3309322033898305
2022-08-09 03:00:00,1.3326949152542371
2022-08-09 04:00:00,1.3342203389830507
2022-08-09 05:00:00,1.3520677966101695
2022-08-09 06:00:00,1.3748813559322035
2022-08-09 07:00:00,1.352864406779661
2022-08-09 08:00:00,1.3162203389830511
2022-08-09 09:00:00,1.270813559322034
2022-08-09 10:00:00,1.2573275862068962
2022-08-09 11:00:00,1.3950677966101694
2022-08-09 12:00:00,1.3645762711864409
2022-08-09 13:00:00,1.2344237288135593
2022-08-09 14:00:00,1.2725593220338987
2022-08-09 15:00:00,1.2839830508474575
2022-08-09 16:00:00,1.2841864406779662
2022-08-09 17:00:00,1.289137931034483
2022-08-09 18:00:00,1.278716666666667
2022-08-09 19:00:00,1.278220338983051
2022-08-09 20:00:00,1.2717796610169492
2022-08-09 21:00:00,1.275440677966102
2022-08-09 22:00:00,1.295779661016949
2022-08-09 23:00:00,1.3024237288135592
2022-08-10 00:00:00,1.325322033898305
2022-08-10 01:00:00,1.320779661016949
2022-08-10 02:00:00,1.330864406779661
2022-08-10 03:00:00,1.3292372881355932
2022-08-10 04:00:00,1.332864406779661
2022-08-10 05:00:00,1.325830508474576
2022-08-10 06:00:00,1.3030677966101698
2022-08-10 07:00:00,1.2954745762711866
2022-08-10 08:00:00,1.263310344827586
2022-08-10 09:00:00,1.277896551724138
2022-08-10 10:00:00,1.1900338983050849
2022-08-10 11:00:00,1.2161525423728814
2022-08-10 12:00:00,1.26371186440678
2022-08-10 13:00:00,1.2480677966101694
2022-08-10 14:00:00,1.2518983050847456
2022-08-10 15:00:00,1.2605593220338984
2022-08-10 16:00:00,1.2640338983050847
2022-08-10 17:00:00,1.2599830508474579
2022-08-10 18:00:00,1.249406779661017
2022-08-10 19:00:00,1.2615762711864404
2022-08-10 20:00:00,1.249457627118644
2022-08-10 21:00:00,1.2518983050847459
2022-08-10 22:00:00,1.268033898305085
2022-08-10 23:00:00,1.2962542372881358
2022-08-11 00:00:00,1.315186440677966
2022-08-11 01:00:00,1.3291186440677965
2022-08-11 02:00:00,1.335152542372881
2022-08-11 03:00:00,1.33328813559322
2022-08-11 04:00:00,1.346559322033898
2022-08-11 05:00:00,1.3557627118644067
2022-08-11 06:00:00,1.349
2022-08-11 07:00:00,1.3015932203389833
2022-08-11 08:00:00,1.2575593220338983
2022-08-11 09:00:00,1.2571016949152545
2022-08-11 10:00:00,1.261779661016949
2022-08-11 11:00:00,1.4837118644067797
2022-08-11 12:00:00,1.471271186440678
2022-08-11 13:00:00,1.484966101694915
2022-08-11 14:00:00,1.5007966101694914
2022-08-11 15:00:00,1.5105932203389831
2022-08-11 16:00:00,1.4831379310344828
2022-08-11 17:00:00,1.505677966101695
2022-08-11 18:00:00,1.5068620689655172
2022-08-11 19:00:00,1.5119310344827586
2022-08-11 20:00:00,1.5052758620689652
2022-08-11 21:00:00,1.5132068965517242
2022-08-11 22:00:00,1.5142711864406782
2022-08-11 23:00:00,1.4943488372093023
2022-08-12 00:00:00,1.5054821428571425
2022-08-12 01:00:00,1.5079655172413793
2022-08-12 02:00:00,1.5117796610169494
2022-08-12 03:00:00,1.5094406779661018
2022-08-12 04:00:00,1.5135084745762712
2022-08-12 05:00:00,1.5075762711864407
2022-08-12 06:00:00,1.4800338983050845
2022-08-12 07:00:00,1.4296896551724136
2022-08-12 08:00:00,1.4080169491525425
2022-08-12 09:00:00,1.4139333333333333
2022-08-12 10:00:00,1.4270169491525422
2022-08-12 11:00:00,1.451237288135593
2022-08-12 12:00:00,1.446406779661017
2022-08-12 13:00:00,1.4391525423728813
2022-08-12 14:00:00,1.4577068965517244
2022-08-12 15:00:00,1.4736440677966103
2022-08-12 16:00:00,1.4901694915254238
2022-08-12 17:00:00,1.5154745762711865
2022-08-12 18:00:00,1.5168644067796606
2022-08-12 19:00:00,1.5177413793103447
2022-08-12 20:00:00,1.5168305084745763
2022-08-12 21:00:00,1.5183728813559323
2022-08-12 22:00:00,1.5254745762711865
2022-08-12 23:00:00,1.5340169491525426
2022-08-13 00:00:00,1.5432711864406778
2022-08-13 01:00:00,1.553949152542373
2022-08-13 02:00:00,1.5492203389830508
2022-08-13 03:00:00,1.5582372881355935
2022-08-13 04:00:00,1.5578305084745763
2022-08-13 05:00:00,1.5485517241379312
2022-08-13 06:00:00,1.5296271186440682
2022-08-13 07:00:00,1.521559322033898
2022-08-13 08:00:00,1.4977017543859652
2022-08-13 09:00:00,1.4836271186440677
2022-08-13 10:00:00,1.491186440677966
2022-08-13 11:00:00,1.439677966101695
2022-08-13 12:00:00,1.414966101694915
2022-08-13 13:00:00,1.4074576271186443
2022-08-13 14:00:00,1.4190169491525422
2022-08-13 15:00:00,1.4910338983050846
2022-08-13 16:00:00,1.293864406779661
2022-08-13 17:00:00,1.5121016949152541
2022-08-13 18:00:00,1.5130677966101693
2022-08-13 19:00:00,1.511050847457627
2022-08-13 20:00:00,1.5137966101694917
2022-08-13 21:00:00,1.513103448275862
2022-08-13 22:00:00,1.5117457627118647
2022-08-13 23:00:00,1.5201206896551729
2022-08-14 00:00:00,1.530135593220339
2022-08-14 01:00:00,1.5377796610169492
2022-08-14 02:00:00,1.5402372881355935
2022-08-14 03:00:00,1.5382033898305085
2022-08-14 04:00:00,1.5256779661016953
2022-08-14 05:00:00,1.503220338983051
2022-08-14 06:00:00,1.4951864406779662
2022-08-14 07:00:00,1.465457627118644
2022-08-14 08:00:00,1.430576271186441
2022-08-14 09:00:00,1.4044745762711868
2022-08-14 10:00:00,1.4158474576271187
2022-08-14 11:00:00,1.4228070175438596
2022-08-14 12:00:00,1.4042203389830512
2022-08-14 13:00:00,1.316813559322034
2022-08-14 14:00:00,1.298847457627119
2022-08-14 15:00:00,1.3072881355932202
2022-08-14 16:00:00,1.304050847457627
2022-08-14 17:00:00,1.3155084745762713
2022-08-14 18:00:00,1.3056271186440678
2022-08-14 19:00:00,1.3108813559322037
2022-08-14 20:00:00,1.306440677966102
2022-08-14 21:00:00,1.3180169491525422
2022-08-14 22:00:00,1.3355084745762713
2022-08-14 23:00:00,1.335779661016949
2022-08-15 00:00:00,1.3481694915254234
2022-08-15 01:00:00,1.310457627118644
2022-08-15 02:00:00,1.3077966101694918
2022-08-15 03:00:00,1.3121525423728815
2022-08-15 04:00:00,1.3073728813559322
2022-08-15 05:00:00,1.2973833333333333
2022-08-15 06:00:00,1.2600243902439026
2022-08-15 07:00:00,1.2914745762711868
2022-08-15 08:00:00,1.241372881355932
2022-08-15 09:00:00,1.2420877192982458
2022-08-15 10:00:00,1.262135593220339
2022-08-15 11:00:00,1.2558474576271188
2022-08-15 12:00:00,1.2780847457627118
2022-08-15 13:00:00,1.283169491525424
2022-08-15 14:00:00,1.3024915254237288
2022-08-15 15:00:00,1.357322033898305
2022-08-15 16:00:00,1.4789322033898307
2022-08-15 17:00:00,1.4820508474576268
2022-08-15 18:00:00,1.4744915254237287
2022-08-15 19:00:00,1.482338983050847
2022-08-15 20:00:00,1.4642372881355932
2022-08-15 21:00:00,1.5001694915254238
2022-08-15 22:00:00,1.5126271186440678
2022-08-15 23:00:00,1.4114576271186443
2022-08-16 00:00:00,1.1622542372881361
2022-08-16 01:00:00,1.1743559322033896
2022-08-16 02:00:00,1.1822033898305087
2022-08-16 03:00:00,1.1464406779661014
2022-08-16 04:00:00,1.1181186440677966
2022-08-16 05:00:00,1.3543898305084745
2022-08-16 06:00:00,1.3790508474576268
2022-08-16 07:00:00,1.3339322033898304
2022-08-16 08:00:00,1.2839322033898306
2022-08-16 09:00:00,1.3641525423728813
2022-08-16 10:00:00,1.4199322033898305
2022-08-16 11:00:00,1.4568035714285712
2022-08-16 12:00:00,1.4447500000000002
2022-08-16 13:00:00,1.4356610169491526
2022-08-16 14:00:00,1.4503389830508475
2022-08-16 15:00:00,1.4878983050847459
2022-08-16 16:00:00,1.5078983050847456
2022-08-16 17:00:00,1.4930677966101695
2022-08-16 18:00:00,1.4959152542372882
2022-08-16 19:00:00,1.501847457627119
2022-08-16 20:00:00,1.4764576271186438
2022-08-16 21:00:00,1.4354237288135592
2022-08-16 22:00:00,1.3812372881355934
2022-08-16 23:00:00,1.1186779661016948
2022-08-17 00:00:00,1.0158135593220339
2022-08-17 01:00:00,1.0189152542372881
2022-08-17 02:00:00,0.870677966101695
2022-08-17 03:00:00,1.0677288135593221
2022-08-17 04:00:00,1.067220338983051
2022-08-17 05:00:00,1.0792033898305085
2022-08-17 06:00:00,1.2209830508474575
2022-08-17 07:00:00,1.18135593220339
2022-08-17 08:00:00,1.1582881355932206
2022-08-17 09:00:00,1.149949152542373
2022-08-17 10:00:00,1.1718813559322034
2022-08-17 11:00:00,1.1952203389830507
2022-08-17 12:00:00,1.2046779661016949
2022-08-17 13:00:00,1.1995254237288135
2022-08-17 14:00:00,1.2087118644067796
2022-08-17 15:00:00,1.2143898305084746
2022-08-17 16:00:00,1.2272542372881357
2022-08-17 17:00:00,1.210372881355932
2022-08-17 18:00:00,1.1577966101694916
2022-08-17 19:00:00,1.1552033898305085
2022-08-17 20:00:00,1.1524237288135593
2022-08-17 21:00:00,1.163779661016949
2022-08-17 22:00:00,1.1730677966101697
2022-08-17 23:00:00,1.181457627118644
2022-08-18 00:00:00,1.1890338983050848
2022-08-18 01:00:00,1.192892857142857
2022-08-18 02:00:00,1.1959322033898305
2022-08-18 03:00:00,1.1955762711864406
2022-08-18 04:00:00,1.1991694915254236
2022-08-18 05:00:00,1.204844827586207
2022-08-18 06:00:00,1.2770677966101696
2022-08-18 07:00:00,1.2288333333333332
2022-08-18 08:00:00,1.195627118644068
2022-08-18 09:00:00,1.2003389830508475
2022-08-18 10:00:00,1.2211694915254234
2022-08-18 11:00:00,1.255220338983051
2022-08-18 12:00:00,1.2783898305084744
2022-08-18 13:00:00,1.3521186440677964
2022-08-18 14:00:00,1.2622881355932207
2022-08-18 15:00:00,1.2816610169491525
2022-08-18 16:00:00,1.2881016949152544
2022-08-18 17:00:00,1.2888983050847458
2022-08-18 18:00:00,1.2782203389830509
2022-08-18 19:00:00,1.2982711864406782
2022-08-18 20:00:00,1.307864406779661
2022-08-18 21:00:00,1.3068135593220336
2022-08-18 22:00:00,1.3078474576271186
2022-08-18 23:00:00,1.2384745762711866
2022-08-19 00:00:00,0.49106896551724144
2022-08-19 01:00:00,0.19547457627118645
2022-08-19 02:00:00,0.1554406779661017
2022-08-19 03:00:00,0.12484745762711866
2022-08-19 04:00:00,0.8095084745762713
2022-08-19 05:00:00,1.0863559322033898
2022-08-19 06:00:00,1.0689491525423729
2022-08-19 07:00:00,1.0476440677966101
2022-08-19 08:00:00,1.0223898305084747
2022-08-19 09:00:00,1.0070000000000001
2022-08-19 10:00:00,1.0034406779661018
2022-08-19 11:00:00,0.9980508474576271
2022-08-19 12:00:00,1.008
2022-08-19 13:00:00,0.9996101694915254
2022-08-19 14:00:00,1.025406779661017
2022-08-19 15:00:00,1.037542372881356
2022-08-19 16:00:00,0.9914745762711863
2022-08-19 17:00:00,0.9820338983050847
2022-08-19 18:00:00,0.9844576271186442
2022-08-19 19:00:00,0.9821333333333333
2022-08-19 20:00:00,0.974593220338983
2022-08-19 21:00:00,0.9456101694915255
2022-08-19 22:00:00,0.9726610169491525
2022-08-19 23:00:00,0.9155593220338982
2022-08-20 00:00:00,0.25577966101694916
2022-08-20 01:00:00,0.15061016949152548
2022-08-20 02:00:00,0.11872881355932205
2022-08-20 03:00:00,0.10659322033898307
2022-08-20 04:00:00,0.10164406779661017
2022-08-20 05:00:00,1.027068181818182
2022-08-20 06:00:00,1.1448305084745765
2022-08-20 07:00:00,1.124915254237288
2022-08-20 08:00:00,1.1006949152542373
2022-08-20 09:00:00,1.0826101694915256
2022-08-20 10:00:00,0.7208983050847458
2022-08-20 11:00:00,0.5482758620689655
2022-08-20 12:00:00,1.0586271186440679
2022-08-20 13:00:00,1.0810508474576273
2022-08-20 14:00:00,1.0603050847457627
2022-08-20 15:00:00,0.5418275862068966
2022-08-20 16:00:00,0.5037758620689655
2022-08-20 17:00:00,1.025542372881356
2022-08-20 18:00:00,1.0287966101694916
2022-08-20 19:00:00,1.026135593220339
2022-08-20 20:00:00,1.0229322033898307
2022-08-20 21:00:00,1.0336949152542372
2022-08-20 22:00:00,1.0448448275862068
2022-08-20 23:00:00,0.9499830508474576
2022-08-21 00:00:00,0.8947118644067796
2022-08-21 01:00:00,0.21745762711864408
2022-08-21 02:00:00,0.11449152542372878
2022-08-21 03:00:00,0.09713559322033898
2022-08-21 04:00:00,0.6066610169491525
2022-08-21 05:00:00,1.0695344827586206
2022-08-21 06:00:00,1.0622203389830507
2022-08-21 07:00:00,1.0437457627118645
2022-08-21 08:00:00,1.0209152542372881
2022-08-21 09:00:00,0.9953728813559323
2022-08-21 10:00:00,0.9988135593220336
2022-08-21 11:00:00,1.0047966101694916
2022-08-21 12:00:00,0.9925423728813558
2022-08-21 13:00:00,0.9869491525423728
2022-08-21 14:00:00,0.9964999999999999
2022-08-21 15:00:00,0.5788474576271186
2022-08-21 16:00:00,0.5236440677966102
2022-08-21 17:00:00,1.0195593220338983
2022-08-21 18:00:00,1.029033898305085
2022-08-21 19:00:00,1.0284406779661017
2022-08-21 20:00:00,1.026779661016949
2022-08-21 21:00:00,1.0366785714285716
2022-08-21 22:00:00,1.0457288135593221
2022-08-21 23:00:00,1.0572542372881355
2022-08-22 00:00:00,0.36456896551724133
2022-08-22 01:00:00,0.13154901960784315
2022-08-22 02:00:00,0.09803389830508474
2022-08-22 03:00:00,0.09169491525423729
2022-08-22 04:00:00,0.7593050847457626
2022-08-22 05:00:00,1.0600169491525426
2022-08-22 06:00:00,1.0440677966101695
2022-08-22 07:00:00,0.9989322033898305
2022-08-22 08:00:00,0.9751864406779661
2022-08-22 09:00:00,0.9830677966101694
2022-08-22 10:00:00,1.1400169491525425
2022-08-22 11:00:00,1.1761206896551721
2022-08-22 12:00:00,1.1497288135593218
2022-08-22 13:00:00,1.1544067796610171
2022-08-22 14:00:00,1.1807457627118645
2022-08-22 15:00:00,0.6517413793103448
2022-08-22 16:00:00,0.5683898305084747
2022-08-22 17:00:00,1.127864406779661
2022-08-22 18:00:00,1.1403559322033898
2022-08-22 19:00:00,1.125898305084746
2022-08-22 20:00:00,1.1607457627118645
2022-08-22 21:00:00,1.1644915254237287
2022-08-22 22:00:00,1.1956896551724137
2022-08-22 23:00:00,1.204491525423729
2022-08-23 00:00:00,0.6254067796610169
2022-08-23 01:00:00,0.17062711864406782
2022-08-23 02:00:00,0.1288135593220339
2022-08-23 03:00:00,0.11399999999999999
2022-08-23 04:00:00,1.1509661016949149
2022-08-23 05:00:00,1.239559322033898
2022-08-23 06:00:00,1.235677966101695
2022-08-23 07:00:00,1.1950677966101697
2022-08-23 08:00:00,1.1219666666666668
2022-08-23 09:00:00,0.7171864406779661
2022-08-23 10:00:00,1.1378305084745763
2022-08-23 11:00:00,1.0786610169491526
2022-08-23 12:00:00,1.1300169491525422
2022-08-23 13:00:00,1.081
2022-08-23 14:00:00,1.1254745762711862
2022-08-23 15:00:00,0.8530000000000001
2022-08-23 16:00:00,0.7277457627118644
2022-08-23 17:00:00,1.174949152542373
2022-08-23 18:00:00,1.172440677966102
2022-08-23 19:00:00,1.1901864406779659
2022-08-23 20:00:00,1.179220338983051
2022-08-23 21:00:00,1.189779661016949
2022-08-23 22:00:00,1.2022711864406779
2022-08-23 23:00:00,1.2151525423728815
2022-08-24 00:00:00,0.45664406779661015
2022-08-24 01:00:00,0.19644067796610168
2022-08-24 02:00:00,0.14744067796610172
2022-08-24 03:00:00,0.11893220338983052
2022-08-24 04:00:00,0.8503389830508473
2022-08-24 05:00:00,1.1651525423728817
2022-08-24 06:00:00,1.1468813559322035
2022-08-24 07:00:00,1.1139999999999999
2022-08-24 08:00:00,1.074135593220339
2022-08-24 09:00:00,1.062271186440678
2022-08-24 10:00:00,1.28064406779661
2022-08-24 11:00:00,1.4603898305084748
2022-08-24 12:00:00,1.2273220338983049
2022-08-24 13:00:00,1.3516610169491523
2022-08-24 14:00:00,1.4832033898305086
2022-08-24 15:00:00,0.6744915254237287
2022-08-24 16:00:00,0.5849830508474576
2022-08-24 17:00:00,1.1304237288135595
2022-08-24 18:00:00,1.117050847457627
2022-08-24 19:00:00,1.118559322033898
2022-08-24 20:00:00,1.2073559322033898
2022-08-24 21:00:00,1.2070338983050846
2022-08-24 22:00:00,1.2265593220338984
2022-08-24 23:00:00,1.2322413793103448
2022-08-25 00:00:00,0.4154406779661017
2022-08-25 01:00:00,0.19244067796610168
2022-08-25 02:00:00,0.1439322033898305
2022-08-25 03:00:00,0.12188135593220341
2022-08-25 04:00:00,1.1546101694915254
2022-08-25 05:00:00,1.2314745762711863
2022-08-25 06:00:00,1.2213559322033898
2022-08-25 07:00:00,1.1955254237288135
2022-08-25 08:00:00,1.1507118644067795
2022-08-25 09:00:00,1.1520169491525425
2022-08-25 10:00:00,1.1761525423728811
2022-08-25 11:00:00,1.1945084745762709
2022-08-25 12:00:00,1.1784406779661019
2022-08-25 13:00:00,1.1934406779661013
2022-08-25 14:00:00,1.2099999999999995
2022-08-25 15:00:00,0.6673559322033897
2022-08-25 16:00:00,0.6614745762711864
2022-08-25 17:00:00,1.4953620689655172
2022-08-25 18:00:00,1.4438813559322035
2022-08-25 19:00:00,1.302576271186441
2022-08-25 20:00:00,1.2839830508474575
2022-08-25 21:00:00,1.2975932203389833
2022-08-25 22:00:00,1.317254237288136
2022-08-25 23:00:00,1.3257719298245612
2022-08-26 00:00:00,0.9429322033898305
2022-08-26 01:00:00,0.24398305084745758
2022-08-26 02:00:00,0.1602033898305084
2022-08-26 03:00:00,0.12157627118644067
2022-08-26 04:00:00,1.0764237288135594
2022-08-26 05:00:00,1.339593220338983
2022-08-26 06:00:00,1.1803050847457626
2022-08-26 07:00:00,1.282847457627119
2022-08-26 08:00:00,1.2439661016949153
2022-08-26 09:00:00,1.3881525423728815
2022-08-26 10:00:00,1.3853833333333332
2022-08-26 11:00:00,1.4472033898305088
2022-08-26 12:00:00,1.4516610169491524
2022-08-26 13:00:00,1.4505423728813558
2022-08-26 14:00:00,1.4709830508474577
2022-08-26 15:00:00,1.2557627118644068
2022-08-26 16:00:00,0.3959491525423729
2022-08-26 17:00:00,1.1888474576271186
2022-08-26 18:00:00,1.390728813559322
2022-08-26 19:00:00,1.457915254237288
2022-08-26 20:00:00,1.4603898305084748
2022-08-26 21:00:00,1.4669999999999996
2022-08-26 22:00:00,1.4691186440677966
2022-08-26 23:00:00,1.4855593220338983
2022-08-27 00:00:00,0.4625084745762712
2022-08-27 01:00:00,0.18574576271186444
2022-08-27 02:00:00,0.13310169491525425
2022-08-27 03:00:00,0.1124915254237288
2022-08-27 04:00:00,0.6159322033898305
2022-08-27 05:00:00,1.2443898305084746
2022-08-27 06:00:00,1.2389322033898305
2022-08-27 07:00:00,1.2195762711864406
2022-08-27 08:00:00,1.1921525423728814
2022-08-27 09:00:00,1.1659152542372881
2022-08-27 10:00:00,1.1800677966101694
2022-08-27 11:00:00,1.1930677966101693
2022-08-27 12:00:00,1.178576271186441
2022-08-27 13:00:00,1.1889491525423728
2022-08-27 14:00:00,1.2035254237288138
2022-08-27 15:00:00,0.6252203389830507
2022-08-27 16:00:00,0.38618644067796604
2022-08-27 17:00:00,1.1935254237288133
2022-08-27 18:00:00,1.2043898305084744
2022-08-27 19:00:00,1.2070862068965516
2022-08-27 20:00:00,1.204830508474576
2022-08-27 21:00:00,1.1441694915254237
2022-08-27 22:00:00,0.8533389830508474
2022-08-27 23:00:00,0.925220338983051
2022-08-28 00:00:00,0.2610338983050848
2022-08-28 01:00:00,0.15835593220338984
2022-08-28 02:00:00,0.116728813559322
2022-08-28 03:00:00,0.10377966101694916
2022-08-28 04:00:00,0.4692542372881357
2022-08-28 05:00:00,1.117542372881356
2022-08-28 06:00:00,1.1319830508474575
2022-08-28 07:00:00,1.1034067796610172
2022-08-28 08:00:00,1.0863559322033898
2022-08-28 09:00:00,1.0599322033898306
2022-08-28 10:00:00,1.0701694915254236
2022-08-28 11:00:00,1.0857118644067798
2022-08-28 12:00:00,1.0724915254237286
2022-08-28 13:00:00,1.067949152542373
2022-08-28 14:00:00,1.1081694915254237
2022-08-28 15:00:00,0.6107966101694914
2022-08-28 16:00:00,0.59564406779661
2022-08-28 17:00:00,1.1174406779661015
2022-08-28 18:00:00,1.0777068965517242
2022-08-28 19:00:00,1.0971694915254238
2022-08-28 20:00:00,1.10135593220339
2022-08-28 21:00:00,1.1037796610169492
2022-08-28 22:00:00,1.0976315789473685
2022-08-28 23:00:00,1.0915593220338984
2022-08-29 00:00:00,0.3555762711864406
2022-08-29 01:00:00,0.17583050847457626
2022-08-29 02:00:00,0.124
2022-08-29 03:00:00,0.10883050847457625
2022-08-29 04:00:00,0.8272881355932203
2022-08-29 05:00:00,1.1452033898305085
2022-08-29 06:00:00,1.1508813559322033
2022-08-29 07:00:00,1.1212203389830506
2022-08-29 08:00:00,1.0860677966101695
2022-08-29 09:00:00,1.0633898305084746
2022-08-29 10:00:00,1.0959655172413791
2022-08-29 11:00:00,1.117542372881356
2022-08-29 12:00:00,1.11
2022-08-29 13:00:00,1.100762711864407
2022-08-29 14:00:00,1.1200677966101698
2022-08-29 15:00:00,0.5966610169491526
2022-08-29 16:00:00,0.5982881355932204
2022-08-29 17:00:00,1.1202499999999997
2022-08-29 18:00:00,1.1263559322033896
2022-08-29 19:00:00,1.1509322033898306
2022-08-29 20:00:00,1.2047457627118643
2022-08-29 21:00:00,1.214186440677966
2022-08-29 22:00:00,1.2254406779661013
2022-08-29 23:00:00,1.2275423728813557
2022-08-30 00:00:00,0.41567796610169494
2022-08-30 01:00:00,0.1894406779661017
2022-08-30 02:00:00,0.1430508474576271
2022-08-30 03:00:00,0.1626271186440678
2022-08-30 04:00:00,1.2326949152542375
2022-08-30 05:00:00,1.2488636363636365
2022-08-30 06:00:00,1.2389152542372879
2022-08-30 07:00:00,1.2029661016949151
2022-08-30 08:00:00,1.1588070175438598
2022-08-30 09:00:00,1.1500169491525423
2022-08-30 10:00:00,1.1825084745762713
2022-08-30 11:00:00,1.2005423728813558
2022-08-30 12:00:00,1.3118474576271186
2022-08-30 13:00:00,1.4390847457627116
2022-08-30 14:00:00,1.4397118644067795
2022-08-30 15:00:00,0.6483389830508474
2022-08-30 16:00:00,0.5362586206896552
2022-08-30 17:00:00,1.0380169491525424
2022-08-30 18:00:00,1.0363965517241378
2022-08-30 19:00:00,1.061844827586207
2022-08-30 20:00:00,1.2008813559322034
2022-08-30 21:00:00,1.2150181818181818
2022-08-30 22:00:00,1.2293103448275862
2022-08-30 23:00:00,1.2396440677966103
2022-08-31 00:00:00,0.4817241379310345
2022-08-31 01:00:00,0.18310169491525424
2022-08-31 02:00:00,0.13991525423728815
2022-08-31 03:00:00,0.12247457627118644
2022-08-31 04:00:00,1.19828813559322
2022-08-31 05:00:00,1.2549322033898305
2022-08-31 06:00:00,1.2432372881355933
2022-08-31 07:00:00,1.1996271186440677
2022-08-31 08:00:00,1.155593220338983
2022-08-31 09:00:00,1.1423050847457625
2022-08-31 10:00:00,1.1592203389830509
2022-08-31 11:00:00,1.181440677966102
2022-08-31 12:00:00,1.1771525423728815
2022-08-31 13:00:00,1.183677966101695
2022-08-31 14:00:00,1.2062203389830508
2022-08-31 15:00:00,0.6049661016949154
2022-08-31 16:00:00,0.5621694915254237
2022-08-31 17:00:00,1.0275084745762713
2022-08-31 18:00:00,1.0280508474576273
2022-08-31 19:00:00,1.1402203389830508
2022-08-31 20:00:00,1.2126610169491525
2022-08-31 21:00:00,1.2098793103448275
2022-08-31 22:00:00,1.2174576271186441
2022-08-31 23:00:00,1.2320847457627118
2022-09-01 00:00:00,0.38476271186440675
2022-09-01 01:00:00,0.17430508474576276
2022-09-01 02:00:00,0.12842372881355932
2022-09-01 03:00:00,0.13832203389830508
2022-09-01 04:00:00,1.2160338983050845
2022-09-01 05:00:00,1.2339322033898306
2022-09-01 06:00:00,1.2219137931034485
2022-09-01 07:00:00,1.1331016949152544
2022-09-01 08:00:00,1.049736842105263
2022-09-01 09:00:00,1.0657288135593221
2022-09-01 10:00:00,1.3355689655172414
2022-09-01 11:00:00,1.433966101694915
2022-09-01 12:00:00,1.437084745762712
2022-09-01 13:00:00,1.4477627118644063
2022-09-01 14:00:00,1.4621551724137931
2022-09-01 15:00:00,0.6551896551724139
2022-09-01 16:00:00,0.7482372881355933
2022-09-01 17:00:00,1.4740344827586207
2022-09-01 18:00:00,1.4536551724137932
2022-09-01 19:00:00,1.4561724137931034
2022-09-01 20:00:00,1.4777241379310344
2022-09-01 21:00:00,1.4776545454545449
2022-09-01 22:00:00,1.3635087719298244
2022-09-01 23:00:00,1.2255932203389828
2022-09-02 00:00:00,0.37489655172413794
2022-09-02 01:00:00,0.16350847457627116
2022-09-02 02:00:00,0.1211864406779661
2022-09-02 03:00:00,0.10945762711864405
2022-09-02 04:00:00,0.8000169491525425
2022-09-02 05:00:00,1.1552142857142857
2022-09-02 06:00:00,1.1333728813559325
2022-09-02 07:00:00,1.0972881355932205
2022-09-02 08:00:00,1.0329285714285714
2022-09-02 09:00:00,1.2147966101694918
2022-09-02 10:00:00,1.3751355932203388
2022-09-02 11:00:00,1.4526724137931033
2022-09-02 12:00:00,1.4466610169491527
2022-09-02 13:00:00,1.446508474576271
2022-09-02 14:00:00,1.4653898305084745
2022-09-02 15:00:00,0.6481403508771929
2022-09-02 16:00:00,0.7215254237288137
2022-09-02 17:00:00,1.4556034482758622
2022-09-02 18:00:00,1.4484745762711864
2022-09-02 19:00:00,1.4697586206896551
2022-09-02 20:00:00,1.4882413793103446
2022-09-02 21:00:00,1.426593220338983
2022-09-02 22:00:00,1.4984745762711862
2022-09-02 23:00:00,1.5069122807017545
2022-09-03 00:00:00,0.5519152542372882
2022-09-03 01:00:00,0.1694915254237288
2022-09-03 02:00:00,0.12483050847457627
2022-09-03 03:00:00,0.11159322033898304
2022-09-03 04:00:00,1.3469830508474576
2022-09-03 05:00:00,1.5136779661016948
2022-09-03 06:00:00,1.509372881355932
2022-09-03 07:00:00,1.3981052631578945
2022-09-03 08:00:00,1.2338813559322035
2022-09-03 09:00:00,1.2440508474576266
2022-09-03 10:00:00,1.2192372881355933
2022-09-03 11:00:00,1.2507586206896553
2022-09-03 12:00:00,1.2453793103448276
2022-09-03 13:00:00,1.2203333333333335
2022-09-03 14:00:00,1.2541525423728814
2022-09-03 15:00:00,0.5992203389830508
2022-09-03 16:00:00,1.229813559322034
2022-09-03 17:00:00,1.2872203389830508
2022-09-03 18:00:00,1.263305084745763
2022-09-03 19:00:00,1.2300508474576273
2022-09-03 20:00:00,1.2299322033898306
2022-09-03 21:00:00,1.2517966101694917
2022-09-03 22:00:00,1.2671016949152545
2022-09-03 23:00:00,1.2207796610169492
2022-09-04 00:00:00,0.2659322033898305
2022-09-04 01:00:00,0.14596610169491528
2022-09-04 02:00:00,0.11642372881355932
2022-09-04 03:00:00,0.1060892857142857
2022-09-04 04:00:00,1.2639482758620688
2022-09-04 05:00:00,1.3326785714285716
2022-09-04 06:00:00,1.3234912280701754
2022-09-04 07:00:00,1.286101694915254
2022-09-04 08:00:00,1.2639642857142859
2022-09-04 09:00:00,1.2339999999999998
2022-09-04 10:00:00,1.2536046511627907
2022-09-04 11:00:00,1.242
2022-09-04 12:00:00,1.16724
2022-09-04 13:00:00,1.1948222222222222
2022-09-04 14:00:00,1.24668
2022-09-04 15:00:00,0.541
2022-09-04 16:00:00,0.5572280701754386
2022-09-04 17:00:00,1.2343684210526318
2022-09-04 18:00:00,1.2481176470588236
2022-09-04 19:00:00,1.1664642857142857
2022-09-04 20:00:00,1.1841875
2022-09-04 21:00:00,1.2050943396226417
2022-09-04 22:00:00,1.212673469387755
2022-09-04 23:00:00,1.211875
2022-09-05 00:00:00,0.41341071428571424
2022-09-05 01:00:00,0.15317543859649127
2022-09-05 02:00:00,0.1157142857142857
2022-09-05 03:00:00,0.10882456140350877
2022-09-05 04:00:00,1.204111111111111
2022-09-05 05:00:00,1.2376296296296299
2022-09-05 06:00:00,1.22037037037037
2022-09-05 07:00:00,1.1760199999999998
2022-09-05 08:00:00,1.1351063829787233
2022-09-05 09:00:00,1.112470588235294
2022-09-05 10:00:00,1.1533090909090908
2022-09-05 11:00:00,1.173236842105263
2022-09-05 12:00:00,1.1679166666666667
2022-09-05 13:00:00,1.1607735849056602
2022-09-05 14:00:00,1.1809454545454545
2022-09-05 15:00:00,1.1855555555555557
2022-09-05 16:00:00,1.1430816326530613
2022-09-05 17:00:00,1.1282156862745096
2022-09-05 18:00:00,1.131857142857143
2022-09-05 19:00:00,1.1393396226415093
2022-09-05 20:00:00,1.1453265306122449
2022-09-05 21:00:00,1.1543124999999999
2022-09-05 22:00:00,1.1596304347826087
2022-09-05 23:00:00,1.1197272727272727
2022-09-06 00:00:00,0.289468085106383
2022-09-06 01:00:00,0.15226086956521742
2022-09-06 02:00:00,0.12056896551724137
2022-09-06 03:00:00,0.11963461538461538
2022-09-06 04:00:00,1.1551272727272726
2022-09-06 05:00:00,1.1878076923076923
2022-09-06 06:00:00,1.1700232558139534
2022-09-06 07:00:00,1.1301320754716981
2022-09-06 08:00:00,1.0820714285714286
2022-09-06 09:00:00,1.0571666666666668
2022-09-06 10:00:00,1.116078431372549
2022-09-06 11:00:00,1.1593636363636362
2022-09-06 12:00:00,1.1638235294117647
2022-09-06 13:00:00,1.157195652173913
2022-09-06 14:00:00,1.1590238095238095
2022-09-06 15:00:00,1.1705636363636365
2022-09-06 16:00:00,1.1734375000000001
2022-09-06 17:00:00,1.1676
2022-09-06 18:00:00,1.1648301886792451
2022-09-06 19:00:00,1.1642758620689657
2022-09-06 20:00:00,1.1692631578947368
2022-09-06 21:00:00,1.0912727272727274
2022-09-06 22:00:00,0.6706491228070176
2022-09-06 23:00:00,0.613
2022-09-07 00:00:00,0.8839824561403509
2022-09-07 01:00:00,0.24663793103448273
2022-09-07 02:00:00,0.15499999999999997
2022-09-07 03:00:00,
2022-09-07 04:00:00,0.5806176470588236
2022-09-07 05:00:00,1.05635593220339
2022-09-07 06:00:00,1.0523389830508476
2022-09-07 07:00:00,1.0108103448275862
2022-09-07 08:00:00,0.9852033898305085
2022-09-07 09:00:00,0.9706851851851852
2022-09-07 10:00:00,1.1787045454545453
2022-09-07 11:00:00,1.2328809523809525
2022-09-07 12:00:00,1.219918367346939
2022-09-07 13:00:00,1.2191707317073173
2022-09-07 14:00:00,1.2439791666666666
2022-09-07 15:00:00,0.6278409090909092
2022-09-07 16:00:00,0.5343249999999999
2022-09-07 17:00:00,1.1799302325581393
2022-09-07 18:00:00,1.180857142857143
2022-09-07 19:00:00,1.1782307692307694
2022-09-07 20:00:00,1.1874615384615386
2022-09-07 21:00:00,1.2032631578947366
2022-09-07 22:00:00,1.215288888888889
2022-09-07 23:00:00,1.2327619047619045
2022-09-08 00:00:00,0.5837857142857144
2022-09-08 01:00:00,0.19266666666666668
2022-09-08 02:00:00,0.14245238095238097
2022-09-08 03:00:00,0.12141304347826085
2022-09-08 04:00:00,0.47482978723404257
2022-09-08 05:00:00,1.0706341463414633
2022-09-08 06:00:00,1.0580243902439024
2022-09-08 07:00:00,1.0256444444444446
2022-09-08 08:00:00,1.056977777777778
2022-09-08 09:00:00,1.0502682926829268
2022-09-08 10:00:00,1.0792391304347826
2022-09-08 11:00:00,1.1745106382978723
2022-09-08 12:00:00,1.249872340425532
2022-09-08 13:00:00,1.349904761904762
2022-09-08 14:00:00,1.3609090909090908
2022-09-08 15:00:00,0.6064
2022-09-08 16:00:00,0.6814883720930233
2022-09-08 17:00:00,1.3884565217391305
2022-09-08 18:00:00,1.369840909090909
2022-09-08 19:00:00,1.360095238095238
2022-09-08 20:00:00,1.3785208333333332
2022-09-08 21:00:00,1.3298181818181816
2022-09-08 22:00:00,1.0456666666666667
2022-09-08 23:00:00,1.0608780487804879
2022-09-09 00:00:00,0.40221428571428575
2022-09-09 01:00:00,0.18000000000000002
2022-09-09 02:00:00,0.13083333333333333
2022-09-09 03:00:00,0.12678846153846152
2022-09-09 04:00:00,1.0390930232558138
2022-09-09 05:00:00,1.075826086956522
2022-09-09 06:00:00,1.0620212765957446
2022-09-09 07:00:00,1.0292820512820513
2022-09-09 08:00:00,1.0675813953488373
2022-09-09 09:00:00,1.2061458333333333
2022-09-09 10:00:00,1.252
2022-09-09 11:00:00,1.3291063829787235
2022-09-09 12:00:00,1.322125
2022-09-09 13:00:00,1.3072558139534884
2022-09-09 14:00:00,1.3312790697674417
2022-09-09 15:00:00,0.6894390243902438
2022-09-09 16:00:00,0.6581063829787235
2022-09-09 17:00:00,1.359825
2022-09-09 18:00:00,1.3544
2022-09-09 19:00:00,1.3518604651162793
2022-09-09 20:00:00,1.327139534883721
2022-09-09 21:00:00,1.3512340425531915
2022-09-09 22:00:00,1.113906976744186
2022-09-09 23:00:00,1.1388611111111113
2022-09-10 00:00:00,0.3878222222222221
2022-09-10 01:00:00,0.17400000000000002
2022-09-10 02:00:00,0.1312127659574468
2022-09-10 03:00:00,0.11732608695652172
2022-09-10 04:00:00,0.1834583333333333
2022-09-10 05:00:00,1.1504358974358975
2022-09-10 06:00:00,1.15209756097561
2022-09-10 07:00:00,1.2605208333333333
2022-09-10 08:00:00,1.3154878048780487
2022-09-10 09:00:00,1.2549302325581395
2022-09-10 10:00:00,1.31235
2022-09-10 11:00:00,1.301904761904762
2022-09-10 12:00:00,1.2907674418604653
2022-09-10 13:00:00,1.2875238095238095
2022-09-10 14:00:00,1.328690476190476
2022-09-10 15:00:00,1.2979777777777781
2022-09-10 16:00:00,0.8036315789473684
2022-09-10 17:00:00,1.3652272727272727
2022-09-10 18:00:00,1.3802127659574468
2022-09-10 19:00:00,1.393478260869565
2022-09-10 20:00:00,1.3743488372093022
2022-09-10 21:00:00,1.4089333333333336
2022-09-10 22:00:00,1.0463958333333334
2022-09-10 23:00:00,1.0514146341463413
2022-09-11 00:00:00,0.42281395348837214
2022-09-11 01:00:00,0.1800487804878049
2022-09-11 02:00:00,0.1381190476190476
2022-09-11 03:00:00,0.12208333333333332
2022-09-11 04:00:00,0.9042127659574466
2022-09-11 05:00:00,1.077255319148936
2022-09-11 06:00:00,1.1041
2022-09-11 07:00:00,1.3575652173913044
2022-09-11 08:00:00,1.3115454545454546
2022-09-11 09:00:00,1.2295714285714285
2022-09-11 10:00:00,1.2734999999999999
2022-09-11 11:00:00,1.31025
2022-09-11 12:00:00,1.2938888888888889
2022-09-11 13:00:00,1.3100714285714283
2022-09-11 14:00:00,1.3427142857142855
2022-09-11 15:00:00,0.5900000000000001
2022-09-11 16:00:00,0.6161000000000001
2022-09-11 17:00:00,1.36603125
2022-09-11 18:00:00,1.392625
2022-09-11 19:00:00,1.3652619047619048
2022-09-11 20:00:00,1.3699777777777777
2022-09-11 21:00:00,1.3644444444444443
2022-09-11 22:00:00,1.1471666666666664
2022-09-11 23:00:00,1.1503333333333334
2022-09-12 00:00:00,0.4083695652173913
2022-09-12 01:00:00,0.19673809523809518
2022-09-12 02:00:00,0.14945098039215687
2022-09-12 03:00:00,0.12767391304347825
2022-09-12 04:00:00,0.7880243902439024
2022-09-12 05:00:00,1.0924545454545453
2022-09-12 06:00:00,1.1526279069767444
2022-09-12 07:00:00,1.1103953488372094
2022-09-12 08:00:00,1.069659090909091
2022-09-12 09:00:00,1.105
2022-09-12 10:00:00,1.2442790697674417
2022-09-12 11:00:00,1.2642666666666666
2022-09-12 12:00:00,1.3646590909090912
2022-09-12 13:00:00,1.4430232558139535
2022-09-12 14:00:00,1.4859148936170212
2022-09-12 15:00:00,0.7772499999999998
2022-09-12 16:00:00,0.7726829268292684
2022-09-12 17:00:00,1.4981627906976742
2022-09-12 18:00:00,1.503717391304348
2022-09-12 19:00:00,1.468511111111111
2022-09-12 20:00:00,1.4573265306122447
2022-09-12 21:00:00,1.4935434782608696
2022-09-12 22:00:00,1.5043478260869565
2022-09-12 23:00:00,1.377
2022-09-13 00:00:00,0.38109756097560976
2022-09-13 01:00:00,0.2054042553191489
2022-09-13 02:00:00,0.16567567567567565
2022-09-13 03:00:00,0.18270731707317073
2022-09-13 04:00:00,1.1709166666666666
2022-09-13 05:00:00,1.1857714285714285
2022-09-13 06:00:00,1.1686041666666667
2022-09-13 07:00:00,1.129190476190476
2022-09-13 08:00:00,1.2127441860465116
2022-09-13 09:00:00,1.2899285714285713
2022-09-13 10:00:00,1.3405853658536584
2022-09-13 11:00:00,1.3506
2022-09-13 12:00:00,1.3095348837209302
2022-09-13 13:00:00,1.3408695652173912
2022-09-13 14:00:00,1.3268333333333333
2022-09-13 15:00:00,0.7024615384615384
2022-09-13 16:00:00,0.7746666666666666
2022-09-13 17:00:00,1.3839767441860467
2022-09-13 18:00:00,1.3816578947368423
2022-09-13 19:00:00,1.3371666666666666
2022-09-13 20:00:00,1.3453695652173914
2022-09-13 21:00:00,1.3723260869565217
2022-09-13 22:00:00,1.2554893617021277
2022-09-13 23:00:00,1.2060731707317072
2022-09-14 00:00:00,0.43018604651162784
2022-09-14 01:00:00,0.19346808510638297
2022-09-14 02:00:00,0.16093478260869568
2022-09-14 03:00:00,0.13436734693877553
2022-09-14 04:00:00,0.9726052631578946
2022-09-14 05:00:00,1.2461860465116281
2022-09-14 06:00:00,1.405682926829268
2022-09-14 07:00:00,1.3705952380952384
2022-09-14 08:00:00,1.2885
2022-09-14 09:00:00,1.2799302325581394
2022-09-14 10:00:00,1.3298918918918916
2022-09-14 11:00:00,1.368885714285714
2022-09-14 12:00:00,1.3549310344827583
2022-09-14 13:00:00,1.363767441860465
2022-09-14 14:00:00,1.3801956521739134
2022-09-14 15:00:00,0.7366730769230772
2022-09-14 16:00:00,0.7853584905660377
2022-09-14 17:00:00,1.1828888888888889
2022-09-14 18:00:00,1.1720185185185186
2022-09-14 19:00:00,1.1465714285714286
2022-09-14 20:00:00,1.1639803921568626
2022-09-14 21:00:00,1.1737407407407408
2022-09-14 22:00:00,1.1918214285714286
2022-09-14 23:00:00,1.2037719298245613
2022-09-15 00:00:00,0.42151785714285717
2022-09-15 01:00:00,0.19526315789473683
2022-09-15 02:00:00,0.15990384615384617
2022-09-15 03:00:00,0.13330357142857144
2022-09-15 04:00:00,0.12403636363636364
2022-09-15 05:00:00,1.0410576923076924
2022-09-15 06:00:00,1.2349622641509432
2022-09-15 07:00:00,1.1961153846153847
2022-09-15 08:00:00,1.149824561403509
2022-09-15 09:00:00,1.1304999999999998
2022-09-15 10:00:00,1.1552857142857142
2022-09-15 11:00:00,1.1684716981132075
2022-09-15 12:00:00,1.1589038461538461
2022-09-15 13:00:00,1.1576086956521738
2022-09-15 14:00:00,1.1810392156862743
2022-09-15 15:00:00,0.5626964285714285
2022-09-15 16:00:00,0.631
2022-09-15 17:00:00,1.1900555555555556
2022-09-15 18:00:00,1.2005116279069767
2022-09-15 19:00:00,1.209
2022-09-15 20:00:00,1.1946785714285715
2022-09-15 21:00:00,1.2037857142857145
2022-09-15 22:00:00,1.2215555555555555
2022-09-15 23:00:00,1.2150185185185183
2022-09-16 00:00:00,0.3724821428571429
2022-09-16 01:00:00,0.2766842105263158
2022-09-16 02:00:00,0.20266666666666666
2022-09-16 03:00:00,0.2014
2022-09-16 04:00:00,1.2247169811320755
2022-09-16 05:00:00,1.2434285714285715
2022-09-16 06:00:00,1.2321509433962266
2022-09-16 07:00:00,1.2123541666666668
2022-09-16 08:00:00,1.16774
2022-09-16 09:00:00,1.1592321428571428
2022-09-16 10:00:00,1.2257142857142858
2022-09-16 11:00:00,1.240322033898305
2022-09-16 12:00:00,1.2158644067796611
2022-09-16 13:00:00,1.1797288135593222
2022-09-16 14:00:00,1.231186440677966
2022-09-16 15:00:00,0.6651355932203389
2022-09-16 16:00:00,0.6526779661016948
2022-09-16 17:00:00,1.2518305084745764
2022-09-16 18:00:00,1.2462372881355934
2022-09-16 19:00:00,1.2406779661016947
2022-09-16 20:00:00,1.2305254237288135
2022-09-16 21:00:00,1.2409322033898305
2022-09-16 22:00:00,1.248
2022-09-16 23:00:00,1.282728813559322
2022-09-17 00:00:00,0.3986440677966102
2022-09-17 01:00:00,0.19511864406779664
2022-09-17 02:00:00,0.15623728813559323
2022-09-17 03:00:00,0.1339491525423729
2022-09-17 04:00:00,0.12145762711864408
2022-09-17 05:00:00,1.1449661016949153
2022-09-17 06:00:00,1.323
2022-09-17 07:00:00,1.305135593220339
2022-09-17 08:00:00,1.2375084745762712
2022-09-17 09:00:00,1.2189322033898309
2022-09-17 10:00:00,1.2313684210526314
2022-09-17 11:00:00,1.2065762711864407
2022-09-17 12:00:00,1.2190338983050846
2022-09-17 13:00:00,1.2143728813559322
2022-09-17 14:00:00,1.212423728813559
2022-09-17 15:00:00,1.2362711864406781
2022-09-17 16:00:00,1.2601186440677967
2022-09-17 17:00:00,1.2766610169491523
2022-09-17 18:00:00,1.2767288135593218
2022-09-17 19:00:00,1.2914406779661016
2022-09-17 20:00:00,1.2894237288135593
2022-09-17 21:00:00,1.3052931034482758
2022-09-17 22:00:00,1.314542372881356
2022-09-17 23:00:00,1.2607288135593218
2022-09-18 00:00:00,0.3876271186440678
2022-09-18 01:00:00,0.19452542372881357
2022-09-18 02:00:00,0.15501694915254238
2022-09-18 03:00:00,0.1336949152542373
2022-09-18 04:00:00,0.972135593220339
2022-09-18 05:00:00,1.339508474576271
2022-09-18 06:00:00,1.3393220338983052
2022-09-18 07:00:00,1.3091186440677967
2022-09-18 08:00:00,1.280237288135593
2022-09-18 09:00:00,1.2266101694915255
2022-09-18 10:00:00,1.2555593220338983
2022-09-18 11:00:00,1.2467966101694914
2022-09-18 12:00:00,1.2542033898305085
2022-09-18 13:00:00,1.2363050847457628
2022-09-18 14:00:00,1.2606440677966102
2022-09-18 15:00:00,1.2725762711864408
2022-09-18 16:00:00,1.2368135593220337
2022-09-18 17:00:00,1.2238644067796607
2022-09-18 18:00:00,1.223796610169492
2022-09-18 19:00:00,1.2171694915254234
2022-09-18 20:00:00,1.2214237288135592
2022-09-18 21:00:00,1.2489322033898305
2022-09-18 22:00:00,1.217779661016949
2022-09-18 23:00:00,1.2103220338983052
2022-09-19 00:00:00,0.43066101694915254
2022-09-19 01:00:00,0.18708474576271186
2022-09-19 02:00:00,0.1494576271186441
2022-09-19 03:00:00,0.13250847457627118
2022-09-19 04:00:00,1.0389152542372881
2022-09-19 05:00:00,1.3249322033898303
2022-09-19 06:00:00,1.3232203389830508
2022-09-19 07:00:00,1.2801694915254238
2022-09-19 08:00:00,1.2363898305084744
2022-09-19 09:00:00,1.2195254237288136
2022-09-19 10:00:00,1.2306724137931035
2022-09-19 11:00:00,1.250135593220339
2022-09-19 12:00:00,1.2566271186440678
2022-09-19 13:00:00,1.243593220338983
2022-09-19 14:00:00,1.2689661016949154
2022-09-19 15:00:00,1.2783728813559323
2022-09-19 16:00:00,1.2488474576271185
2022-09-19 17:00:00,1.2373220338983049
2022-09-19 18:00:00,1.2286101694915255
2022-09-19 19:00:00,1.2357118644067795
2022-09-19 20:00:00,1.2325593220338984
2022-09-19 21:00:00,1.23964406779661
2022-09-19 22:00:00,1.2215593220338983
2022-09-19 23:00:00,1.2301016949152543
2022-09-20 00:00:00,0.5924237288135592
2022-09-20 01:00:00,0.20189830508474574
2022-09-20 02:00:00,0.1679661016949153
2022-09-20 03:00:00,0.19447457627118644
2022-09-20 04:00:00,1.2938983050847457
2022-09-20 05:00:00,1.3093793103448277
2022-09-20 06:00:00,1.3296440677966104
2022-09-20 07:00:00,1.27848275862069
2022-09-20 08:00:00,1.2
2022-09-20 09:00:00,1.2002711864406774
2022-09-20 10:00:00,1.2399830508474576
2022-09-20 11:00:00,1.25371186440678
2022-09-20 12:00:00,1.2170677966101693
2022-09-20 13:00:00,1.2413389830508474
2022-09-20 14:00:00,1.2466101694915255
2022-09-20 15:00:00,1.2675084745762715
2022-09-20 16:00:00,1.2578474576271186
2022-09-20 17:00:00,1.267271186440678
2022-09-20 18:00:00,1.2706610169491528
2022-09-20 19:00:00,1.2973728813559324
2022-09-20 20:00:00,1.2858305084745767
2022-09-20 21:00:00,1.302237288135593
2022-09-20 22:00:00,1.2638965517241378
2022-09-20 23:00:00,1.2780169491525424
2022-09-21 00:00:00,1.3119999999999998
2022-09-21 01:00:00,0.565271186440678
2022-09-21 02:00:00,0.21805084745762712
2022-09-21 03:00:00,0.3193035714285714
2022-09-21 04:00:00,1.3385932203389832
2022-09-21 05:00:00,1.342101694915254
2022-09-21 06:00:00,1.333508474576271
2022-09-21 07:00:00,1.2795593220338983
2022-09-21 08:00:00,1.2153728813559321
2022-09-21 09:00:00,1.210561403508772
2022-09-21 10:00:00,1.2225932203389829
2022-09-21 11:00:00,1.2552881355932204
2022-09-21 12:00:00,1.2649830508474575
2022-09-21 13:00:00,1.2532711864406776
2022-09-21 14:00:00,1.2636440677966103
2022-09-21 15:00:00,1.2712372881355936
2022-09-21 16:00:00,1.234898305084746
2022-09-21 17:00:00,1.2256610169491524
2022-09-21 18:00:00,1.2320338983050847
2022-09-21 19:00:00,1.2349999999999999
2022-09-21 20:00:00,1.2290847457627119
2022-09-21 21:00:00,1.2478813559322033
2022-09-21 22:00:00,1.2565084745762714
2022-09-21 23:00:00,1.2527118644067796
2022-09-22 00:00:00,1.27564406779661
2022-09-22 01:00:00,1.2904237288135592
2022-09-22 02:00:00,1.297457627118644
2022-09-22 03:00:00,1.296627118644068
2022-09-22 04:00:00,1.2929322033898307
2022-09-22 05:00:00,1.293898305084746
2022-09-22 06:00:00,1.2578813559322033
2022-09-22 07:00:00,1.1717966101694914
2022-09-22 08:00:00,1.1250169491525424
2022-09-22 09:00:00,1.0989310344827585
2022-09-22 10:00:00,1.1153898305084746
2022-09-22 11:00:00,1.145137931034483
2022-09-22 12:00:00,1.141677966101695
2022-09-22 13:00:00,1.1895084745762714
2022-09-22 14:00:00,1.282271186440678
2022-09-22 15:00:00,1.296491525423729
2022-09-22 16:00:00,1.3020169491525424
2022-09-22 17:00:00,1.2934745762711866
2022-09-22 18:00:00,1.2872372881355933
2022-09-22 19:00:00,1.2834915254237291
2022-09-22 20:00:00,1.2800689655172417
2022-09-22 21:00:00,1.2908983050847458
2022-09-22 22:00:00,1.3157288135593224
2022-09-22 23:00:00,1.3187118644067795
2022-09-23 00:00:00,1.3373220338983052
2022-09-23 01:00:00,1.3498135593220337
2022-09-23 02:00:00,1.3509830508474574
2022-09-23 03:00:00,1.3443728813559321
2022-09-23 04:00:00,1.3057627118644068
2022-09-23 05:00:00,1.2895593220338986
2022-09-23 06:00:00,1.2721694915254236
2022-09-23 07:00:00,1.166813559322034
2022-09-23 08:00:00,0.9848813559322035
2022-09-23 09:00:00,1.087051724137931
2022-09-23 10:00:00,1.1763275862068965
2022-09-23 11:00:00,1.1722711864406778
2022-09-23 12:00:00,1.1912068965517242
2022-09-23 13:00:00,1.2207288135593222
2022-09-23 14:00:00,1.2300169491525423
2022-09-23 15:00:00,1.2772586206896552
2022-09-23 16:00:00,1.3029661016949154
2022-09-23 17:00:00,1.2972881355932204
2022-09-23 18:00:00,1.2851694915254235
2022-09-23 19:00:00,1.2942372881355932
2022-09-23 20:00:00,1.2611896551724138
2022-09-23 21:00:00,1.2432033898305086
2022-09-23 22:00:00,1.2613389830508475
2022-09-23 23:00:00,1.2664745762711864
2022-09-24 00:00:00,1.2795593220338983
2022-09-24 01:00:00,1.302305084745763
2022-09-24 02:00:00,1.3019152542372885
2022-09-24 03:00:00,1.3016949152542376
2022-09-24 04:00:00,1.3006440677966105
2022-09-24 05:00:00,1.3023898305084747
2022-09-24 06:00:00,1.2862711864406782
2022-09-24 07:00:00,1.2479661016949153
2022-09-24 08:00:00,1.1929666666666667
2022-09-24 09:00:00,1.1563220338983051
2022-09-24 10:00:00,1.1300847457627121
2022-09-24 11:00:00,1.1595254237288137
2022-09-24 12:00:00,1.1523559322033898
2022-09-24 13:00:00,1.1731864406779664
2022-09-24 14:00:00,1.17148275862069
2022-09-24 15:00:00,1.1740338983050849
2022-09-24 16:00:00,1.1765593220338981
2022-09-24 17:00:00,1.221677966101695
2022-09-24 18:00:00,1.2341864406779661
2022-09-24 19:00:00,1.2365932203389827
2022-09-24 20:00:00,1.2404827586206895
2022-09-24 21:00:00,1.255220338983051
2022-09-24 22:00:00,1.272169491525424
2022-09-24 23:00:00,1.2742203389830506
2022-09-25 00:00:00,1.282813559322034
2022-09-25 01:00:00,1.2987118644067797
2022-09-25 02:00:00,1.3015423728813562
2022-09-25 03:00:00,1.3055254237288134
2022-09-25 04:00:00,1.3017457627118647
2022-09-25 05:00:00,1.3025084745762712
2022-09-25 06:00:00,1.278728813559322
2022-09-25 07:00:00,1.2407118644067796
2022-09-25 08:00:00,1.2374915254237289
2022-09-25 09:00:00,1.2330888888888885
2022-09-25 10:00:00,1.2559622641509431
2022-09-25 11:00:00,1.2832586206896552
2022-09-25 12:00:00,1.2765423728813563
2022-09-25 13:00:00,1.2637966101694917
2022-09-25 14:00:00,1.2807966101694916
2022-09-25 15:00:00,1.2967118644067794
2022-09-25 16:00:00,1.298813559322034
2022-09-25 17:00:00,1.303559322033898
2022-09-25 18:00:00,1.304322033898305
2022-09-25 19:00:00,1.2931694915254237
2022-09-25 20:00:00,1.2966949152542373
2022-09-25 21:00:00,1.284677966101695
2022-09-25 22:00:00,1.2753898305084743
2022-09-25 23:00:00,1.3190508474576268
2022-09-26 00:00:00,1.3336779661016946
2022-09-26 01:00:00,1.3361186440677963
2022-09-26 02:00:00,1.2787966101694916
2022-09-26 03:00:00,1.2824237288135596
2022-09-26 04:00:00,1.2847627118644067
2022-09-26 05:00:00,1.2794745762711868
2022-09-26 06:00:00,1.267745762711864
2022-09-26 07:00:00,1.2218275862068966
2022-09-26 08:00:00,1.1683220338983051
2022-09-26 09:00:00,1.161237288135593
2022-09-26 10:00:00,1.1811896551724141
2022-09-26 11:00:00,1.1970677966101693
2022-09-26 12:00:00,1.188864406779661
2022-09-26 13:00:00,1.1948135593220337
2022-09-26 14:00:00,1.1979322033898305
2022-09-26 15:00:00,1.2131016949152542
2022-09-26 16:00:00,1.2193898305084743
2022-09-26 17:00:00,1.2146101694915254
2022-09-26 18:00:00,1.2156949152542373
2022-09-26 19:00:00,1.2238983050847456
2022-09-26 20:00:00,1.2897457627118645
2022-09-26 21:00:00,1.303474576271187
2022-09-26 22:00:00,1.3244576271186441
2022-09-26 23:00:00,1.322457627118644
2022-09-27 00:00:00,1.3433559322033894
2022-09-27 01:00:00,1.3548135593220338
2022-09-27 02:00:00,1.3591186440677967
2022-09-27 03:00:00,1.364152542372881
2022-09-27 04:00:00,1.3636949152542372
2022-09-27 05:00:00,1.3505762711864404
2022-09-27 06:00:00,1.3468644067796611
2022-09-27 07:00:00,1.2600169491525426
2022-09-27 08:00:00,1.103135593220339
2022-09-27 09:00:00,1.1869830508474575
2022-09-27 10:00:00,1.2159661016949153
2022-09-27 11:00:00,1.2534406779661018
2022-09-27 12:00:00,1.2559152542372884
2022-09-27 13:00:00,1.2459152542372884
2022-09-27 14:00:00,1.2771525423728813
2022-09-27 15:00:00,1.296
2022-09-27 16:00:00,1.2957627118644068
2022-09-27 17:00:00,1.2868813559322037
2022-09-27 18:00:00,1.286438596491228
2022-09-27 19:00:00,1.2938474576271184
2022-09-27 20:00:00,1.2443559322033897
2022-09-27 21:00:00,1.2462372881355934
2022-09-27 22:00:00,1.238779661016949
2022-09-27 23:00:00,1.2399322033898306
2022-09-28 00:00:00,1.2448135593220337
2022-09-28 01:00:00,1.2775593220338983
2022-09-28 02:00:00,1.2773050847457625
2022-09-28 03:00:00,1.2812307692307694
2022-09-28 04:00:00,
2022-09-28 05:00:00,1.2791875
2022-09-28 06:00:00,1.2716785714285714
2022-09-28 07:00:00,1.222542372881356
2022-09-28 08:00:00,1.164813559322034
2022-09-28 09:00:00,1.1421186440677966
2022-09-28 10:00:00,1.102542372881356
2022-09-28 11:00:00,1.2043728813559318
2022-09-28 12:00:00,1.1779830508474578
2022-09-28 13:00:00,1.1373220338983052
2022-09-28 14:00:00,1.1939655172413792
2022-09-28 15:00:00,1.2237288135593218
2022-09-28 16:00:00,1.2479661016949153
2022-09-28 17:00:00,1.278847457627119
2022-09-28 18:00:00,1.301457627118644
2022-09-28 19:00:00,1.2981551724137934
2022-09-28 20:00:00,1.2979491525423728
2022-09-28 21:00:00,1.303051724137931
2022-09-28 22:00:00,1.250237288135593
2022-09-28 23:00:00,1.2652542372881357
2022-09-29 00:00:00,1.2773728813559322
2022-09-29 01:00:00,1.2822203389830513
2022-09-29 02:00:00,1.2864915254237286
2022-09-29 03:00:00,1.2904067796610172
2022-09-29 04:00:00,1.2878135593220341
2022-09-29 05:00:00,1.2849322033898305
2022-09-29 06:00:00,1.2723389830508474
2022-09-29 07:00:00,1.2315084745762712
2022-09-29 08:00:00,1.1879999999999997
2022-09-29 09:00:00,1.1821551724137933
2022-09-29 10:00:00,1.198
2022-09-29 11:00:00,1.2487118644067796
2022-09-29 12:00:00,1.18928813559322
2022-09-29 13:00:00,1.2086440677966102
2022-09-29 14:00:00,1.2324576271186438
2022-09-29 15:00:00,1.265559322033898
2022-09-29 16:00:00,1.2748305084745761
2022-09-29 17:00:00,1.2770508474576272
2022-09-29 18:00:00,1.2714237288135595
2022-09-29 19:00:00,1.2772711864406783
2022-09-29 20:00:00,1.2799491525423727
2022-09-29 21:00:00,1.309779661016949
2022-09-29 22:00:00,1.322135593220339
2022-09-29 23:00:00,1.3294067796610167
2022-09-30 00:00:00,1.3328983050847456
2022-09-30 01:00:00,1.3482542372881356
2022-09-30 02:00:00,1.3406610169491526
2022-09-30 03:00:00,1.2960169491525424
2022-09-30 04:00:00,1.3055892857142857
2022-09-30 05:00:00,1.2936101694915256
2022-09-30 06:00:00,1.2866949152542373
2022-09-30 07:00:00,1.236736842105263
2022-09-30 08:00:00,1.1982033898305082
2022-09-30 09:00:00,1.1869830508474575
2022-09-30 10:00:00,1.2101355932203388
2022-09-30 11:00:00,1.2445862068965519
2022-09-30 12:00:00,1.2237118644067797
2022-09-30 13:00:00,1.211220338983051
2022-09-30 14:00:00,1.196864406779661
2022-09-30 15:00:00,1.2198474576271188
2022-09-30 16:00:00,1.2191016949152542
2022-09-30 17:00:00,1.2390508474576274
2022-09-30 18:00:00,1.2383898305084744
2022-09-30 19:00:00,1.2435166666666666
2022-09-30 20:00:00,1.2643050847457624
2022-09-30 21:00:00,1.321237288135593
2022-09-30 22:00:00,1.3357118644067794
2022-09-30 23:00:00,1.3036949152542376
2022-10-01 00:00:00,1.3073389830508477
2022-10-01 01:00:00,1.3167796610169493
2022-10-01 02:00:00,1.3175762711864405
2022-10-01 03:00:00,1.3174915254237287
2022-10-01 04:00:00,1.3144237288135592
2022-10-01 05:00:00,1.3257627118644069
2022-10-01 06:00:00,1.3371186440677965
2022-10-01 07:00:00,1.310779661016949
2022-10-01 08:00:00,1.2753898305084748
2022-10-01 09:00:00,1.2380677966101696
2022-10-01 10:00:00,1.263280701754386
2022-10-01 11:00:00,1.2828813559322039
2022-10-01 12:00:00,1.2429322033898302
2022-10-01 13:00:00,1.2400338983050847
2022-10-01 14:00:00,1.2589661016949152
2022-10-01 15:00:00,1.2786610169491524
2022-10-01 16:00:00,1.2144915254237287
2022-10-01 17:00:00,1.271
2022-10-01 18:00:00,1.2839661016949155
2022-10-01 19:00:00,1.2950517241379311
2022-10-01 20:00:00,1.2973389830508473
2022-10-01 21:00:00,1.3054736842105261
2022-10-01 22:00:00,1.3006610169491526
2022-10-01 23:00:00,1.302305084745763
2022-10-02 00:00:00,1.319810344827586
2022-10-02 01:00:00,1.362305084745763
2022-10-02 02:00:00,1.3683559322033896
2022-10-02 03:00:00,1.3698305084745763
2022-10-02 04:00:00,1.3408305084745762
2022-10-02 05:00:00,1.3121525423728815
2022-10-02 06:00:00,1.277220338983051
2022-10-02 07:00:00,1.190101694915254
2022-10-02 08:00:00,1.2619661016949153
2022-10-02 09:00:00,1.1961403508771928
2022-10-02 10:00:00,1.2266538461538463
2022-10-02 11:00:00,1.2985185185185184
2022-10-02 12:00:00,1.2888474576271185
2022-10-02 13:00:00,1.3000701754385964
2022-10-02 14:00:00,1.3087368421052632
2022-10-02 15:00:00,1.3114385964912283
2022-10-02 16:00:00,1.3118070175438596
2022-10-02 17:00:00,1.324
2022-10-02 18:00:00,1.3180000000000003
2022-10-02 19:00:00,1.253051724137931
2022-10-02 20:00:00,1.250789473684211
2022-10-02 21:00:00,1.2630508474576276
2022-10-02 22:00:00,1.2895593220338983
2022-10-02 23:00:00,1.2914385964912283
2022-10-03 00:00:00,1.3101525423728813
2022-10-03 01:00:00,1.3164912280701753
2022-10-03 02:00:00,1.3187719298245613
2022-10-03 03:00:00,1.3181607142857141
2022-10-03 04:00:00,1.3213898305084744
2022-10-03 05:00:00,1.316586206896552
2022-10-03 06:00:00,1.2789122807017546
2022-10-03 07:00:00,1.2612142857142856
2022-10-03 08:00:00,1.226508474576271
2022-10-03 09:00:00,1.2074799999999999
2022-10-03 10:00:00,1.2253559322033902
2022-10-03 11:00:00,1.2851964285714286
2022-10-03 12:00:00,1.2508947368421053
2022-10-03 13:00:00,1.3020192307692307
2022-10-03 14:00:00,1.3018245614035089
2022-10-03 15:00:00,1.308413793103448
2022-10-03 16:00:00,1.3256470588235294
2022-10-03 17:00:00,1.342375
2022-10-03 18:00:00,1.339074074074074
2022-10-03 19:00:00,1.3370862068965517
2022-10-03 20:00:00,1.3402727272727273
2022-10-03 21:00:00,1.340890909090909
2022-10-03 22:00:00,1.319719298245614
2022-10-03 23:00:00,1.3223448275862069
2022-10-04 00:00:00,1.338551724137931
2022-10-04 01:00:00,1.373982142857143
2022-10-04 02:00:00,1.3727118644067797
2022-10-04 03:00:00,1.375857142857143
2022-10-04 04:00:00,1.3743220338983049
2022-10-04 05:00:00,1.3754912280701752
2022-10-04 06:00:00,1.3549107142857142
2022-10-04 07:00:00,1.2324363636363638
2022-10-04 08:00:00,1.1897931034482758
2022-10-04 09:00:00,1.1673529411764705
2022-10-04 10:00:00,1.1569318181818182
2022-10-04 11:00:00,1.2289787234042553
2022-10-04 12:00:00,1.1957407407407408
2022-10-04 13:00:00,1.2352391304347825
2022-10-04 14:00:00,1.2522222222222223
2022-10-04 15:00:00,1.255739130434783
2022-10-04 16:00:00,1.2586521739130436
2022-10-04 17:00:00,1.2670697674418605
2022-10-04 18:00:00,1.266575
2022-10-04 19:00:00,1.2654888888888889
2022-10-04 20:00:00,1.2702926829268293
2022-10-04 21:00:00,1.2773461538461537
2022-10-04 22:00:00,1.2765
2022-10-04 23:00:00,1.2543720930232558
2022-10-05 00:00:00,1.3024222222222221
2022-10-05 01:00:00,1.3622222222222222
2022-10-05 02:00:00,1.3721458333333334
2022-10-05 03:00:00,1.3721777777777777
2022-10-05 04:00:00,1.3721818181818184
2022-10-05 05:00:00,1.3691836734693879
2022-10-05 06:00:00,1.3680000000000003
2022-10-05 07:00:00,1.3253255813953488
2022-10-05 08:00:00,1.2197441860465117
2022-10-05 09:00:00,1.1542272727272727
2022-10-05 10:00:00,1.1613095238095237
2022-10-05 11:00:00,1.2202444444444445
2022-10-05 12:00:00,1.202061224489796
2022-10-05 13:00:00,1.2174791666666667
2022-10-05 14:00:00,1.2351304347826086
2022-10-05 15:00:00,1.2384999999999997
2022-10-05 16:00:00,1.2608913043478267
2022-10-05 17:00:00,1.2813720930232557
2022-10-05 18:00:00,1.2871136363636364
2022-10-05 19:00:00,1.2898541666666665
2022-10-05 20:00:00,1.329
2022-10-05 21:00:00,1.3329756097560976
2022-10-05 22:00:00,1.3124468085106384
2022-10-05 23:00:00,1.2887209302325582
2022-10-06 00:00:00,1.3048095238095239
2022-10-06 01:00:00,1.3134761904761905
2022-10-06 02:00:00,1.3060571428571428
2022-10-06 03:00:00,1.3152777777777778
2022-10-06 04:00:00,1.3178809523809523
2022-10-06 05:00:00,1.3163684210526314
2022-10-06 06:00:00,1.2622499999999999
2022-10-06 07:00:00,1.2194418604651163
2022-10-06 08:00:00,1.0989459459459459
2022-10-06 09:00:00,1.0860697674418607
2022-10-06 10:00:00,1.2612340425531914
2022-10-06 11:00:00,1.352725
2022-10-06 12:00:00,1.3655227272727275
2022-10-06 13:00:00,1.377872340425532
2022-10-06 14:00:00,1.386294117647059
2022-10-06 15:00:00,1.3928863636363635
2022-10-06 16:00:00,1.398325581395349
2022-10-06 17:00:00,1.4155111111111112
2022-10-06 18:00:00,1.4086382978723402
2022-10-06 19:00:00,1.4117209302325584
2022-10-06 20:00:00,1.3967619047619046
2022-10-06 21:00:00,1.3993170731707316
2022-10-06 22:00:00,1.3609302325581394
2022-10-06 23:00:00,1.3533846153846154
2022-10-07 00:00:00,1.399906976744186
2022-10-07 01:00:00,1.4101578947368423
2022-10-07 02:00:00,1.409265306122449
2022-10-07 03:00:00,1.4150851063829788
2022-10-07 04:00:00,1.4117857142857144
2022-10-07 05:00:00,1.4110789473684209
2022-10-07 06:00:00,1.4013541666666667
2022-10-07 07:00:00,1.3224615384615386
2022-10-07 08:00:00,1.1027391304347827
2022-10-07 09:00:00,1.1095434782608697
2022-10-07 10:00:00,1.2592340425531914
2022-10-07 11:00:00,1.354
2022-10-07 12:00:00,1.3670454545454545
2022-10-07 13:00:00,1.3692558139534885
2022-10-07 14:00:00,1.3837249999999999
2022-10-07 15:00:00,1.3908125
2022-10-07 16:00:00,1.3983777777777777
2022-10-07 17:00:00,1.4004761904761907
2022-10-07 18:00:00,1.4117567567567568
2022-10-07 19:00:00,1.4104761904761904
2022-10-07 20:00:00,1.4209318181818182
2022-10-07 21:00:00,1.402431818181818
2022-10-07 22:00:00,1.3526976744186046
2022-10-07 23:00:00,1.3471333333333333
2022-10-08 00:00:00,1.3516136363636364
2022-10-08 01:00:00,1.4000731707317073
2022-10-08 02:00:00,1.4022500000000002
2022-10-08 03:00:00,1.4079268292682927
2022-10-08 04:00:00,1.4042653061224488
2022-10-08 05:00:00,1.406
2022-10-08 06:00:00,1.396186046511628
2022-10-08 07:00:00,1.323217391304348
2022-10-08 08:00:00,1.2845681818181818
2022-10-08 09:00:00,1.248340909090909
2022-10-08 10:00:00,1.2639756097560977
2022-10-08 11:00:00,1.2754146341463415
2022-10-08 12:00:00,1.291769230769231
2022-10-08 13:00:00,1.3212391304347826
2022-10-08 14:00:00,1.3495681818181817
2022-10-08 15:00:00,1.3846304347826086
2022-10-08 16:00:00,1.4167234042553187
2022-10-08 17:00:00,1.422238095238095
2022-10-08 18:00:00,1.392021276595745
2022-10-08 19:00:00,1.3809
2022-10-08 20:00:00,1.3897906976744188
2022-10-08 21:00:00,1.4218139534883718
2022-10-08 22:00:00,1.4397872340425533
2022-10-08 23:00:00,1.4480222222222225
2022-10-09 00:00:00,1.4551136363636366
2022-10-09 01:00:00,1.4600000000000002
2022-10-09 02:00:00,1.4617551020408162
2022-10-09 03:00:00,1.4709534883720932
2022-10-09 04:00:00,1.481711111111111
2022-10-09 05:00:00,1.4743877551020406
2022-10-09 06:00:00,1.4696521739130435
2022-10-09 07:00:00,1.4413170731707317
2022-10-09 08:00:00,1.3952749999999998
2022-10-09 09:00:00,1.318282608695652
2022-10-09 10:00:00,1.3107399999999998
2022-10-09 11:00:00,1.303952380952381
2022-10-09 12:00:00,1.3118139534883724
2022-10-09 13:00:00,1.3081860465116277
2022-10-09 14:00:00,1.3338636363636363
2022-10-09 15:00:00,1.30084
2022-10-09 16:00:00,1.1854
2022-10-09 17:00:00,1.190477272727273
2022-10-09 18:00:00,1.1938666666666669
2022-10-09 19:00:00,1.196090909090909
2022-10-09 20:00:00,1.2020208333333333
2022-10-09 21:00:00,1.2193863636363638
2022-10-09 22:00:00,1.2558863636363637
2022-10-09 23:00:00,1.2118510638297875
2022-10-10 00:00:00,1.105767441860465
2022-10-10 01:00:00,1.107840909090909
2022-10-10 02:00:00,1.1115135135135135
2022-10-10 03:00:00,1.0913061224489795
2022-10-10 04:00:00,1.0503846153846153
2022-10-10 05:00:00,1.0444722222222222
2022-10-10 06:00:00,1.2075434782608696
2022-10-10 07:00:00,1.2378444444444445
2022-10-10 08:00:00,1.1769772727272725
2022-10-10 09:00:00,1.1675434782608696
2022-10-10 10:00:00,1.193914893617021
2022-10-10 11:00:00,1.2213111111111112
2022-10-10 12:00:00,1.2158913043478259
2022-10-10 13:00:00,1.2371818181818184
2022-10-10 14:00:00,1.2622790697674418
2022-10-10 15:00:00,1.2679411764705881
2022-10-10 16:00:00,1.2997674418604652
2022-10-10 17:00:00,1.296452380952381
2022-10-10 18:00:00,1.273452380952381
2022-10-10 19:00:00,1.2783953488372093
2022-10-10 20:00:00,1.2764565217391304
2022-10-10 21:00:00,1.286357142857143
2022-10-10 22:00:00,1.2532608695652174
2022-10-10 23:00:00,1.2306086956521736
2022-10-11 00:00:00,0.5685263157894735
2022-10-11 01:00:00,0.21927999999999997
2022-10-11 02:00:00,0.19753191489361704
2022-10-11 03:00:00,0.16672
2022-10-11 04:00:00,1.19114
2022-10-11 05:00:00,1.3120425531914892
2022-10-11 06:00:00,1.3195000000000001
2022-10-11 07:00:00,1.2466666666666668
2022-10-11 08:00:00,1.1493111111111112
2022-10-11 09:00:00,1.1348409090909093
2022-10-11 10:00:00,1.1610425531914894
2022-10-11 11:00:00,1.1952500000000001
2022-10-11 12:00:00,1.1734583333333333
2022-10-11 13:00:00,1.1931249999999998
2022-10-11 14:00:00,1.2051282051282048
2022-10-11 15:00:00,1.2774255319148937
2022-10-11 16:00:00,1.256547619047619
2022-10-11 17:00:00,1.189292682926829
2022-10-11 18:00:00,1.1704666666666665
2022-10-11 19:00:00,1.1685238095238095
2022-10-11 20:00:00,1.1496041666666668
2022-10-11 21:00:00,1.175125
2022-10-11 22:00:00,1.147909090909091
2022-10-11 23:00:00,0.7630909090909092
2022-10-12 00:00:00,0.24381818181818182
2022-10-12 01:00:00,0.19360416666666666
2022-10-12 02:00:00,0.1690612244897959
2022-10-12 03:00:00,0.1529722222222222
2022-10-12 04:00:00,0.7017045454545455
2022-10-12 05:00:00,1.201230769230769
2022-10-12 06:00:00,1.2078936170212766
2022-10-12 07:00:00,1.170127659574468
2022-10-12 08:00:00,1.07646511627907
2022-10-12 09:00:00,1.0384634146341463
2022-10-12 10:00:00,1.106090909090909
2022-10-12 11:00:00,1.1655652173913043
2022-10-12 12:00:00,1.1368684210526319
2022-10-12 13:00:00,1.140475
2022-10-12 14:00:00,1.1877441860465117
2022-10-12 15:00:00,1.2130243902439024
2022-10-12 16:00:00,1.175128205128205
2022-10-12 17:00:00,1.1587826086956519
2022-10-12 18:00:00,1.1593333333333333
2022-10-12 19:00:00,1.1401555555555556
2022-10-12 20:00:00,1.1480232558139536
2022-10-12 21:00:00,1.1380222222222223
2022-10-12 22:00:00,0.5235116279069768
2022-10-12 23:00:00,0.6134878048780488
2022-10-13 00:00:00,1.1113333333333333
2022-10-13 01:00:00,0.42247826086956514
2022-10-13 02:00:00,0.2096818181818182
2022-10-13 03:00:00,0.1768125
2022-10-13 04:00:00,0.4232391304347826
2022-10-13 05:00:00,1.1504418604651163
2022-10-13 06:00:00,1.1386808510638295
2022-10-13 07:00:00,1.0860731707317075
2022-10-13 08:00:00,1.0223777777777776
2022-10-13 09:00:00,1.0756595744680852
2022-10-13 10:00:00,1.2130769230769232
2022-10-13 11:00:00,1.3305
2022-10-13 12:00:00,1.2891136363636362
2022-10-13 13:00:00,1.320179487179487
2022-10-13 14:00:00,1.362093023255814
2022-10-13 15:00:00,1.3774318181818181
2022-10-13 16:00:00,1.3347727272727272
2022-10-13 17:00:00,1.2922954545454546
2022-10-13 18:00:00,1.1982
2022-10-13 19:00:00,1.1937333333333333
2022-10-13 20:00:00,1.2040204081632653
2022-10-13 21:00:00,1.2260749999999998
2022-10-13 22:00:00,1.2530625000000002
2022-10-13 23:00:00,1.231230769230769
2022-10-14 00:00:00,1.2284545454545455
2022-10-14 01:00:00,0.7159591836734692
2022-10-14 02:00:00,0.24079591836734696
2022-10-14 03:00:00,0.1914090909090909
2022-10-14 04:00:00,0.28793478260869565
2022-10-14 05:00:00,1.2507333333333333
2022-10-14 06:00:00,1.2349069767441858
2022-10-14 07:00:00,1.1759069767441863
2022-10-14 08:00:00,1.089608695652174
2022-10-14 09:00:00,1.111822222222222
2022-10-14 10:00:00,1.089767441860465
2022-10-14 11:00:00,1.1627142857142858
2022-10-14 12:00:00,1.1521860465116278
2022-10-14 13:00:00,1.1737857142857142
2022-10-14 14:00:00,1.1764878048780487
2022-10-14 15:00:00,1.1755121951219512
2022-10-14 16:00:00,1.1934878048780488
2022-10-14 17:00:00,1.1786444444444444
2022-10-14 18:00:00,1.1803541666666666
2022-10-14 19:00:00,1.15534
2022-10-14 20:00:00,1.1607173913043478
2022-10-14 21:00:00,1.1870444444444446
2022-10-14 22:00:00,1.1971463414634147
2022-10-14 23:00:00,1.1988541666666668
2022-10-15 00:00:00,1.212891304347826
2022-10-15 01:00:00,0.4815555555555556
2022-10-15 02:00:00,0.21817777777777772
2022-10-15 03:00:00,0.18343181818181817
2022-10-15 04:00:00,0.3416
2022-10-15 05:00:00,1.190809523809524
2022-10-15 06:00:00,1.1809999999999998
2022-10-15 07:00:00,1.1492051282051283
2022-10-15 08:00:00,1.1073953488372092
2022-10-15 09:00:00,1.1140227272727274
2022-10-15 10:00:00,1.1051395348837207
2022-10-15 11:00:00,1.116452380952381
2022-10-15 12:00:00,1.0775609756097562
2022-10-15 13:00:00,1.10945
2022-10-15 14:00:00,1.1366
2022-10-15 15:00:00,1.1414222222222223
2022-10-15 16:00:00,1.1249302325581396
2022-10-15 17:00:00,1.0638478260869564
2022-10-15 18:00:00,1.0432826086956521
2022-10-15 19:00:00,1.063139534883721
2022-10-15 20:00:00,1.1368636363636364
2022-10-15 21:00:00,1.1567173913043478
2022-10-15 22:00:00,1.204674418604651
2022-10-15 23:00:00,1.2042826086956522
2022-10-16 00:00:00,1.2086744186046514
2022-10-16 01:00:00,1.2279999999999998
2022-10-16 02:00:00,1.2357555555555555
2022-10-16 03:00:00,1.2304897959183674
2022-10-16 04:00:00,1.237225
2022-10-16 05:00:00,1.2345384615384611
2022-10-16 06:00:00,1.193128205128205
2022-10-16 07:00:00,1.14
2022-10-16 08:00:00,1.0963863636363633
2022-10-16 09:00:00,1.06425641025641
2022-10-16 10:00:00,1.0608095238095236
2022-10-16 11:00:00,1.0703617021276597
2022-10-16 12:00:00,1.143975
2022-10-16 13:00:00,1.1565531914893614
2022-10-16 14:00:00,1.1785952380952383
2022-10-16 15:00:00,1.2100652173913042
2022-10-16 16:00:00,1.2041707317073171
2022-10-16 17:00:00,1.1921521739130436
2022-10-16 18:00:00,1.2085625
2022-10-16 19:00:00,1.2151136363636363
2022-10-16 20:00:00,1.2119999999999997
2022-10-16 21:00:00,1.2202682926829267
2022-10-16 22:00:00,1.2247083333333333
2022-10-16 23:00:00,1.2299024390243902
